{
  "filters":{
    "filter":[
      {
        "id":"1",
        "rule":"(%25%7c%23)%7b0%2c%7d.*(%5c%5b%7c%5c%7b%7c%5c().*(%40ognl.OgnlContext%7cjava.lang.Runtime%40getRuntime%7cjava.io.BufferedReader%7cjava.lang.ProcessBuilder)",
        "description":"Struts2 Command Injection: Java function pattern found",
        "tags":{
          "tag":[
            "java_rce"
          ]
        },
        "impact":"3",
        "status":"live",
        "location":"url"
      },
      {
        "id":"2",
        "rule":"",
        "description":"PHP Injection Attack: I/O Stream Found",
        "tags":{
          "tag":[
            "java_rce"
          ]
        },
        "impact":"3",
        "status":"live",
        "location":"url"
      },
      {
        "id":"3",
        "rule":"",
        "description":"PHP Injection Attack: High-Risk PHP Function Call Found",
        "tags":{
          "tag":[
            "php_rce"
          ]
        },
        "impact":"3",
        "status":"live",
        "location":"url"
      },
      {
        "id":"4",
        "rule":"",
        "description":"PHP Injection Attack: Serialized Object Injection",
        "tags":{
          "tag":[
            "php_rce"
          ]
        },
        "impact":"3",
        "status":"live",
        "location":"url"
      },
      {
        "id":"5",
        "rule":"",
        "description":"PHP Injection Attack: Variable Function Call Found",
        "tags":{
          "tag":[
            "php_rce"
          ]
        },
        "impact":"3",
        "status":"live",
        "location":"url"
      },
      {
        "id":"6",
        "rule":"",
        "description":"PHP Injection Attack: Low-Value PHP Function Call Found",
        "tags":{
          "tag":[
            "php_rce"
          ]
        },
        "impact":"3",
        "status":"live",
        "location":"url"
      },
      {
        "id":"7",
        "rule":"",
        "description":"",
        "tags":{
          "tag":[
            "php_rce"
          ]
        },
        "impact":"3",
        "status":"die",
        "location":"url"
      }
    ]
  }
}