{
  "filters":{
    "filter":[
      {
        "id":"1",
        "rule":"((%3f%3am(%3f%3as(%3f%3aysaccessobjects%7cysaces%7cysobjects%7cysqueries%7cysrelationships%7cysaccessstorage%7cysaccessxml%7cysmodules%7cysmodules2%7cdb)%7caster%5c.%5c.sysdatabases%7cysql%5c.db)%5cb%7cs(%3f%3ays(%3f%3a%5c.database_name%7caux)%5cb%7cchema(%3f%3a%5cW*%5c(%7c_name%5cb)%7cqlite(_temp)%3f_master%5cb)%7cd(%3f%3aatabas%7cb_nam)e%5cW*%5c(%7cinformation_schema%5cb%7cpg_(catalog%7ctoast)%5cb%7cnorthwind%5cb%7ctempdb%5cb))",
        "description":"SQL Injection Attack: Common DB Names Detected",
        "tags":{
          "tag":[
            "sqli"
          ]
        },
        "impact":"3",
        "status":"live",
        "location":"url"
      },
      {
        "id":"2",
        "rule":"((sleep%5c((%5cs*%3f)(%5cd*%3f)(%5cs*%3f)%5c)%7cbenchmark%5c((.*%3f)%5c%2c(.*%3f)%5c)))",
        "description":"Detects blind sqli tests using sleep() or benchmark().",
        "tags":{
          "tag":[
            "sqli"
          ]
        },
        "impact":"3",
        "status":"live",
        "location":"url"
      },
      {
        "id":"3",
        "rule":"((%3f%3a%5cs*%3f(%3f%3aexec%7cexecute).*%3f(%3f%3a%5cW)xp_cmdshell)%7c(%3f%3a%5b%5c%22%27%60%5d%5cs*%3f!%5cs*%3f%5b%5c%22%27%60%5cw%5d)%7c(%3f%3afrom%5cW%2binformation_schema%5cW)%7c(%3f%3a(%3f%3a(%3f%3acurrent_)%3fuser%7cdatabase%7cschema%7cconnection_id)%5cs*%3f%5c(%5b%5e%5c)%5d*%3f)%7c(%3f%3a%5b%5c%22%27%60%5d%3b%3f%5cs*%3f(%3f%3aselect%7cunion%7chaving)%5cb%5cs*%3f%5b%5e%5cs%5d)%7c(%3f%3a%5cwiif%5cs*%3f%5c()%7c(%3f%3a(%3f%3aexec%7cexecute)%5cs%2bmaster%5c.)%7c(%3f%3aunion+select+%40)%7c(%3f%3aunion%5b%5cw(%5cs%5d*%3fselect)%7c(%3f%3aselect.*%3f%5cw%3fuser%5c()%7c(%3f%3ainto%5b%5cs%2b%5d%2b(%3f%3adump%7cout)file%5cs*%3f%5b%5c%22%27%60%5d))",
        "description":"Detects MSSQL code execution and information gathering attempts",
        "tags":{
          "tag":[
            "sqli"
          ]
        },
        "impact":"3",
        "status":"live",
        "location":"url"
      },
      {
        "id":"4",
        "rule":"((%3f%3a%5b%5cs()%5dcase%5cs*%3f%5c()%7c(%3f%3a%5c)%5cs*%3flike%5cs*%3f%5c()%7c(%3f%3ahaving%5cs*%3f%5b%5e%5cs%5d%2b%5cs*%3f%5b%5e%5cw%5cs%5d)%7c(%3f%3aif%5cs%3f%5c(%5b%5cd%5cw%5d%5cs*%3f%5b%3d%3c%3e%7e%5d))",
        "description":"Detects conditional SQL injection attempts",
        "tags":{
          "tag":[
            "sqli"
          ]
        },
        "impact":"3",
        "status":"live",
        "location":"url"
      },
      {
        "id":"5",
        "rule":"((%3f%3aalter%5cs*%3f%5cw%2b.*%3f(%3f%3acharacter%7cchar)%5cs%2bset%5cs%2b%5cw%2b)%7c(%5b%5c%22%27%60%5d%3b*%3f%5cs*%3fwaitfor%5cs%2b(%3f%3atime%7cdelay)%5cs%2b%5b%5c%22%27%60%5d)%7c(%3f%3a%5b%5c%22%27%60%5d%3b.*%3f%3a%5cs*%3fgoto))",
        "description":"Detects MySQL charset switch and MSSQL DoS attempts",
        "tags":{
          "tag":[
            "sqli"
          ]
        },
        "impact":"3",
        "status":"live",
        "location":"url"
      },
      {
        "id":"6",
        "rule":"((%3f%3amerge.*%3fusing%5cs*%3f%5c()%7c(execute%5cs*%3fimmediate%5cs*%3f%5b%5c%22%27%60%5d)%7c(%3f%3amatch%5cs*%3f%5b%5cw()%2c%2b-%5d%2b%5cs*%3fagainst%5cs*%3f%5c())",
        "description":"Detects MATCH AGAINST, MERGE and EXECUTE IMMEDIATE injections",
        "tags":{
          "tag":[
            "sqli"
          ]
        },
        "impact":"3",
        "status":"live",
        "location":"url"
      },
      {
        "id":"7",
        "rule":"((%3f%3a(union(.*%3f)select(.*%3f)from)))",
        "description":"Looking for basic sql injection. Common attack string for mysql, oracle and others.",
        "tags":{
          "tag":[
            "sqli"
          ]
        },
        "impact":"3",
        "status":"live",
        "location":"url"
      },
      {
        "id":"8",
        "rule":"((%3f%3aselect%5cs*%3fpg_sleep)%7c(%3f%3awaitfor%5cs*%3fdelay%5cs%3f%5b%5c%22%27%60%5d%2b%5cs%3f%5cd)%7c(%3f%3a%3b%5cs*%3fshutdown%5cs*%3f(%3f%3a%3b%7c--%7c%23%7c%5c%2f%5c*%7c%7b)))",
        "description":"Detects Postgres pg_sleep injection, waitfor delay attacks and database shutdown attempts",
        "tags":{
          "tag":[
            "sqli"
          ]
        },
        "impact":"3",
        "status":"live",
        "location":"url"
      },
      {
        "id":"9",
        "rule":"((%3f%3a%5c%5b%5c%24(%3f%3ane%7ceq%7clte%3f%7cgte%3f%7cn%3fin%7cmod%7call%7csize%7cexists%7ctype%7cslice%7cx%3for%7cdiv%7clike%7cbetween%7cand)%5c%5d))",
        "description":"Finds basic MongoDB SQL injection attempts",
        "tags":{
          "tag":[
            "sqli"
          ]
        },
        "impact":"3",
        "status":"live",
        "location":"url"
      },
      {
        "id":"10",
        "rule":"((%3f%3aprocedure%5cs%2banalyse%5cs*%3f%5c()%7c(%3f%3a%3b%5cs*%3f(declare%7copen)%5cs%2b%5b%5cw-%5d%2b)%7c(%3f%3acreate%5cs%2b(procedure%7cfunction)%5cs*%3f%5cw%2b%5cs*%3f%5c(%5cs*%3f%5c)%5cs*%3f-)%7c(%3f%3adeclare%5b%5e%5cw%5d%2b%5b%40%23%5d%5cs*%3f%5cw%2b)%7c(exec%5cs*%3f%5c(%5cs*%3f%40))",
        "description":"Detects MySQL and PostgreSQL stored procedure/function injections",
        "tags":{
          "tag":[
            "sqli"
          ]
        },
        "impact":"3",
        "status":"live",
        "location":"url"
      },
      {
        "id":"11",
        "rule":"((%3f%3a%5b%5cd%5cW%5d%5cs%2bas%5cs*%3f%5b%5c%22%27%60%5cw%5d%2b%5cs*%3ffrom)%7c(%3f%3a%5e%5b%5cW%5cd%5d%2b%5cs*%3f(%3f%3aunion%7cselect%7ccreate%7crename%7ctruncate%7cload%7calter%7cdelete%7cupdate%7cinsert%7cdesc)%5cb)%7c(%3f%3a(%3f%3aselect%7ccreate%7crename%7ctruncate%7cload%7calter%7cdelete%7cupdate%7cinsert%7cdesc)%5cs%2b(%3f%3a(%3f%3agroup_)concat%7cchar%7cload_file)%5cs%3f%5c(%3f)%7c(%3f%3aend%5cs*%3f%5c)%3b)%7c(%5b%5c%22%27%60%5d%5cs%2bregexp%5cW)%7c(%3f%3a%5b%5cs(%5dload_file%5cs*%3f%5c())",
        "description":"Detects concatenated basic SQL injection and SQLLFI attempts",
        "tags":{
          "tag":[
            "sqli"
          ]
        },
        "impact":"3",
        "status":"live",
        "location":"url"
      },
      {
        "id":"12",
        "rule":"(%5e%5b%5c%22%27%60%3b%5d%2b%7c%5b%5c%22%27%60%5d%2b%24)",
        "description":"SQL Injection Attack: Common Injection Testing Detected",
        "tags":{
          "tag":[
            "sqli"
          ]
        },
        "impact":"3",
        "status":"live",
        "location":"url"
      },
      {
        "id":"13",
        "rule":"((%5c!%5c%3d%7c%5c%26%5c%26%7c%5c%7c%5c%7c%7c%5cbxor%5cb%7c%5cbrlike%5cb%7c%5cbregexp%5cb%7c%5cbisnull%5cb)%7c(%3f%3anot%5cs%2bbetween%5cs%2b0%5cs%2band)%7c(%3f%3ais%5cs%2bnull)%7c(like%5cs%2bnull)%7c(%3f%3a(%3f%3a%5e%7c%5cW)in%5b%2b%5cs%5d*%5c(%5b%5cs%5cd%5c%22%5d%2b%5b%5e()%5d*%5c))%7c(%3f%3a%5cbxor%5cb%7c%3c%3e%7crlike(%3f%3a%5cs%2bbinary)%3f)%7c(%3f%3aregexp%5cs%2bbinary))",
        "description":"SQL Injection Attack: SQL Operator Detected",
        "tags":{
          "tag":[
            "sqli"
          ]
        },
        "impact":"2",
        "status":"die",
        "location":"url"
      },
      {
        "id":"14",
        "rule":"((%3f%3a%2c.*%3f%5b)%5cda-f%5c%22%27%60%5d%5b%5c%22%27%60%5d(%3f%3a%5b%5c%22%27%60%5d.*%3f%5b%5c%22%27%60%5d%7c%5cZ%7c%5b%5e%5c%22%27%60%5d%2b))%7c(%3f%3a%5cWselect.%2b%5cW*%3ffrom)%7c((%3f%3aselect%7ccreate%7crename%7ctruncate%7cload%7calter%7cdelete%7cupdate%7cinsert%7cdesc)%5cs*%3f%5c(%5cs*%3fspace%5cs*%3f%5c())",
        "description":"Detects MySQL comment-/space-obfuscated injections and backtick termination",
        "tags":{
          "tag":[
            "sqli"
          ]
        },
        "impact":"3",
        "status":"live",
        "location":"url"
      },
      {
        "id":"15",
        "rule":"((%3f%3a%5c)%5cs*%3fwhen%5cs*%3f%5cd%2b%5cs*%3fthen)%7c(%3f%3a%5c%2f%5c*!%5cs%3f%5cd%2b)%7c(%3f%3ach(%3f%3aa)%3fr%5cs*%3f%5c(%5cs*%3f%5cd)%7c(%3f%3a(%3f%3a(n%3fand%7cx%3fx%3for%7cdiv%7clike%7cbetween%7cand%7cnot)%5cs%2b%7c%5c%7c%5c%7c%7c%5c%26%5c%26)%5cs*%3f%5cw%2b%5c())",
        "description":"Detects MySQL comments, conditions and ch(a)r injections",
        "tags":{
          "tag":[
            "sqli"
          ]
        },
        "impact":"3",
        "status":"live",
        "location":"url"
      },
      {
        "id":"16",
        "rule":"((%3f%3a%5cA%7c%5b%5e%5cd%5d)0x%5ba-f%5cd%5d%7b3%2c%7d%5ba-f%5cd%5d*)%2b",
        "description":"SQL Hex Encoding Identified",
        "tags":{
          "tag":[
            "sqli"
          ]
        },
        "impact":"3",
        "status":"live",
        "location":"url"
      },
      {
        "id":"17",
        "rule":"(%3fi)%5cW%2b%5cd*%3f%5cs*%3fhaving%5cs*%3f%5b%5e%5cs%5c-%5d",
        "description":"Detects HAVING injections",
        "tags":{
          "tag":[
            "sqli"
          ]
        },
        "impact":"3",
        "status":"live",
        "location":"url"
      },
      {
        "id":"18",
        "rule":"(%5c%27%7c%5c%22)%7b0%7d.*(and %7cor ).*(%3d%7c%3c%7c%3e%7c%5c*%7c%5c%2b%7c%5c-%7c%5c%2f)",
        "description":"Possible Sqlinjextion attack",
        "tags":{
          "tag":[
            "sqli"
          ]
        },
        "impact":"2",
        "status":"live",
        "location":"url"
      }
    ]
  }
}