{
  "filters":{
    "filter":[
      {
        "id":"1",
        "rule":"(%3F%3A(%3F%3A%5C%2F%7C%5C%5C)%3F%5C.%2B(%5C%2F%7C%5C%5C)(%3F%3A%5C.%2B)%3F)%7C(%3F%3A%5Cw%2B%5C.exe%5C%3F%3F%5Cs)%7C(%3F%3A%3B%5Cs*%5Cw%2B%5Cs*%5C%2F%5B%5Cw*-%5D%2B%5C%2F)%7C(%3F%3A%5Cd%5C%5C.%5Cdx%5C%7C)%7C(%3F%3A%25(%3F%3Ac0%5C.%7Caf%5C.%7C5c%5C.))%7C(%3F%3A%5C%2F(%3F%3A%252e)%7B2%7D)",
        "description":"Detects basic directory traversal",
        "tags":{
          "tag":[
            "dt"
          ]
        },
        "impact":"3",
        "status":"live",
        "location":"url"
      },
      {
        "id":"2",
        "rule":"(%3F%3A%25c0%25ae%5C%2F)%7C(%3F%3A(%3F%3A%5C%2F%7C%5C%5C)(home%7Cconf%7Cusr%7Cetc%7Cproc%7Copt%7Cs%3Fbin%7Clocal%7Cdev%7Ctmp%7Ckern%7C%5Bbr%5Doot%7Csys%7Csystem%7Cwindows%7Cwinnt%7Cprogram%7C%25%5Ba-z_-%5D%7B3%2C%7D%25)(%3F%3A%5C%2F%7C%5C%5C))%7C(%3F%3A(%3F%3A%5C%2F%7C%5C%5C)inetpub%7Clocalstart%5C.asp%7Cboot%5C.ini)",
        "description":"Detects specific directory and path traversal",
        "tags":{
          "tag":[
            "dt"
          ]
        },
        "impact":"3",
        "status":"live",
        "location":"url"
      },
      {
        "id":"3",
        "rule":"(%3F%3Aetc%5C%2F%5CW*passwd)",
        "description":"Detects etc\/passwd inclusion attempts",
        "tags":{
          "tag":[
            "dt"
          ]
        },
        "impact":"3",
        "status":"live",
        "location":"url"
      },
      {
        "id":"4",
        "rule":".*(.%2F%7C..%2F%7C..%5C%5C)%7B1%2C%7D.*(.php%7C.asp%7C.log%7C.aspx%7C.jsp%7C.inc%7C.ini%7C.conf)%7B1%2C%7D.*",
        "description":"Special file suffix traversal",
        "tags":{
          "tag":[
            "dt"
          ]
        },
        "impact":"3",
        "status":"die",
        "location":"url"
      }
    ]
  }
}