{
  "filters":{
    "filter":[
      {
        "id":"1",
        "rule":"(%3fi)(%5b%3c%ef%bc%9c%5dscript%5b%5e%3e%ef%bc%9e%5d*%5b%3e%ef%bc%9e%5d%5b%5cs%5cS%5d*%3f)",
        "description":" XSS Filter - Category 1: Script Tag Vector",
        "tags":{
          "tag":[
            "xss"
          ]
        },
        "impact":"3",
        "status":"live",
        "location":"url"
      },
      {
        "id":"2",
        "rule":"(%3fi)(%5b%5cs%5c%22%27%60%3b%5c%2f0-9%5c%3d%5cx0B%5cx09%5cx0C%5cx3B%5cx2C%5cx28%5cx3B%5d%2bon%5ba-zA-Z%5d%2b%5b%5cs%5cx0B%5cx09%5cx0C%5cx3B%5cx2C%5cx28%5cx3B%5d*%3f%3d)",
        "description":" XSS Filter - Category 2: Event Handler Vector",
        "tags":{
          "tag":[
            "xss"
          ]
        },
        "impact":"3",
        "status":"live",
        "location":"url"
      },
      {
        "id":"3",
        "rule":"(%3fi)%5b%5cs%5cS%5d(%3f%3ax(%3f%3alink%3ahref%7chtml%7cmlns)%7c!ENTITY.*%3fSYSTEM%7cdata%3atext%5c%2fhtml%7cpattern(%3f%3d.*%3f%3d)%7cformaction%7c%5c%40import%7cbase64)%5cb",
        "description":" XSS Filter - Category 3: Attribute Vector'",
        "tags":{
          "tag":[
            "xss"
          ]
        },
        "impact":"3",
        "status":"live",
        "location":"url"
      },
      {
        "id":"4",
        "rule":"(%3fi)(%3f%3a%3c(%3f%3a(%3f%3aapple%7cobjec)t%7cisindex%7cembed%7cstyle%7cform%7cmeta)%5cb%5b%5e%3e%5d*%3f%3e%5b%5cs%5cS%5d*%3f%7c(%3f%3a%3d%7cU%5cs*%3fR%5cs*%3fL%5cs*%3f%5c()%5cs*%3f%5b%5e%3e%5d*%3f%5cs*%3fS%5cs*%3fC%5cs*%3fR%5cs*%3fI%5cs*%3fP%5cs*%3fT%5cs*%3f%3a)",
        "description":" XSS Filter - Category 4: Javascript URI Vector",
        "tags":{
          "tag":[
            "xss"
          ]
        },
        "impact":"3",
        "status":"live",
        "location":"url"
      },
      {
        "id":"5",
        "rule":"(%3fi)%3c%5b%5e%5cw%3c%3e%5d*(%3f%3a%5b%5e%3c%3e%5c%22%27%5cs%5d*%3a)%3f%5b%5e%5cw%3c%3e%5d*(%3f%3a%5cW*%3fs%5cW*%3fc%5cW*%3fr%5cW*%3fi%5cW*%3fp%5cW*%3ft%7c%5cW*%3ff%5cW*%3fo%5cW*%3fr%5cW*%3fm%7c%5cW*%3fs%5cW*%3ft%5cW*%3fy%5cW*%3fl%5cW*%3fe%7c%5cW*%3fs%5cW*%3fv%5cW*%3fg%7c%5cW*%3fm%5cW*%3fa%5cW*%3fr%5cW*%3fq%5cW*%3fu%5cW*%3fe%5cW*%3fe%7c(%3f%3a%5cW*%3fl%5cW*%3fi%5cW*%3fn%5cW*%3fk%7c%5cW*%3fo%5cW*%3fb%5cW*%3fj%5cW*%3fe%5cW*%3fc%5cW*%3ft%7c%5cW*%3fe%5cW*%3fm%5cW*%3fb%5cW*%3fe%5cW*%3fd%7c%5cW*%3fa%5cW*%3fp%5cW*%3fp%5cW*%3fl%5cW*%3fe%5cW*%3ft%7c%5cW*%3fp%5cW*%3fa%5cW*%3fr%5cW*%3fa%5cW*%3fm%7c%5cW*%3fi%3f%5cW*%3ff%5cW*%3fr%5cW*%3fa%5cW*%3fm%5cW*%3fe%7c%5cW*%3fb%5cW*%3fa%5cW*%3fs%5cW*%3fe%7c%5cW*%3fb%5cW*%3fo%5cW*%3fd%5cW*%3fy%7c%5cW*%3fm%5cW*%3fe%5cW*%3ft%5cW*%3fa%7c%5cW*%3fi%5cW*%3fm%5cW*%3fa%3f%5cW*%3fg%5cW*%3fe%3f%7c%5cW*%3fv%5cW*%3fi%5cW*%3fd%5cW*%3fe%5cW*%3fo%7c%5cW*%3fa%5cW*%3fu%5cW*%3fd%5cW*%3fi%5cW*%3fo%7c%5cW*%3fb%5cW*%3fi%5cW*%3fn%5cW*%3fd%5cW*%3fi%5cW*%3fn%5cW*%3fg%5cW*%3fs%7c%5cW*%3fs%5cW*%3fe%5cW*%3ft%7c%5cW*%3fa%5cW*%3fn%5cW*%3fi%5cW*%3fm%5cW*%3fa%5cW*%3ft%5cW*%3fe)%5b%5e%3e%5cw%5d)%7c(%3f%3a%3c%5cw%5b%5cs%5cS%5d*%5b%5cs%5c%2f%5d%7c%5b%27%5c%22%5d(%3f%3a%5b%5cs%5cS%5d*%5b%5cs%5c%2f%5d)%3f)(%3f%3aformaction%7cstyle%7cbackground%7csrc%7clowsrc%7cping%7con(%3f%3ad(%3f%3ae(%3f%3avice(%3f%3a(%3f%3aorienta%7cmo)tion%7cproximity%7cfound%7clight)%7clivery(%3f%3asuccess%7cerror)%7cactivate)%7cr(%3f%3aag(%3f%3ae(%3f%3an(%3f%3ater%7cd)%7cxit)%7c(%3f%3agestur%7cleav)e%7cstart%7cdrop%7cover)%3f%7cop)%7ci(%3f%3as(%3f%3ac(%3f%3ahargingtimechange%7connect(%3f%3aing%7ced))%7cabled)%7caling)%7cata(%3f%3asetc(%3f%3aomplete%7changed)%7c(%3f%3aavailabl%7cchang)e%7cerror)%7curationchange%7cownloading%7cblclick)%7cMoz(%3f%3aM(%3f%3aagnifyGesture(%3f%3aUpdate%7cStart)%3f%7couse(%3f%3aPixelScroll%7cHittest))%7cS(%3f%3awipeGesture(%3f%3aUpdate%7cStart%7cEnd)%3f%7ccrolledAreaChanged)%7c(%3f%3a(%3f%3aPress)%3fTapGestur%7cBeforeResiz)e%7cEdgeUI(%3f%3aC(%3f%3aomplet%7cancel)%7cStart)ed%7cRotateGesture(%3f%3aUpdate%7cStart)%3f%7cA(%3f%3audioAvailable%7cfterPaint))%7cc(%3f%3ao(%3f%3am(%3f%3ap(%3f%3aosition(%3f%3aupdate%7cstart%7cend)%7clete)%7cmand(%3f%3aupdate)%3f)%7cn(%3f%3at(%3f%3arolselect%7cextmenu)%7cnect(%3f%3aing%7ced))%7cpy)%7ca(%3f%3a(%3f%3allschang%7cch)ed%7cnplay(%3f%3athrough)%3f%7crdstatechange)%7ch(%3f%3a(%3f%3aarging(%3f%3atime)%3fch)%3fange%7cecking)%7c(%3f%3afstate%7cell)change%7cu(%3f%3aechange%7ct)%7cl(%3f%3aick%7cose))%7cm(%3f%3ao(%3f%3az(%3f%3apointerlock(%3f%3achange%7cerror)%7c(%3f%3aorientation%7ctime)change%7cfullscreen(%3f%3achange%7cerror)%7cnetwork(%3f%3adown%7cup)load)%7cuse(%3f%3a(%3f%3alea%7cmo)ve%7co(%3f%3aver%7cut)%7center%7cwheel%7cdown%7cup)%7cve(%3f%3astart%7cend)%3f)%7cessage%7cark)%7cs(%3f%3at(%3f%3aa(%3f%3at(%3f%3auschanged%7cechange)%7clled%7crt)%7ck(%3f%3asessione%7ccomma)nd%7cop)%7ce(%3f%3aek(%3f%3acomplete%7cing%7ced)%7c(%3f%3alec(%3f%3atstar)%3f)%3ft%7cn(%3f%3ading%7ct))%7cu(%3f%3access%7cspend%7cbmit)%7cpeech(%3f%3astart%7cend)%7cound(%3f%3astart%7cend)%7ccroll%7chow)%7cb(%3f%3ae(%3f%3afor(%3f%3ae(%3f%3a(%3f%3ascriptexecu%7cactiva)te%7cu(%3f%3anload%7cpdate)%7cp(%3f%3aaste%7crint)%7cc(%3f%3aopy%7cut)%7ceditfocus)%7cdeactivate)%7cgin(%3f%3aEvent)%3f)%7coun(%3f%3adary%7cce)%7cl(%3f%3aocked%7cur)%7croadcast%7cusy)%7ca(%3f%3an(%3f%3aimation(%3f%3aiteration%7cstart%7cend)%7ctennastatechange)%7cfter(%3f%3a(%3f%3ascriptexecu%7cupda)te%7cprint)%7cudio(%3f%3aprocess%7cstart%7cend)%7cd(%3f%3aapteradded%7cdtrack)%7cctivate%7clerting%7cbort)%7cDOM(%3f%3aNode(%3f%3aInserted(%3f%3aIntoDocument)%3f%7cRemoved(%3f%3aFromDocument)%3f)%7c(%3f%3aCharacterData%7cSubtree)Modified%7cA(%3f%3attrModified%7cctivate)%7cFocus(%3f%3aOut%7cIn)%7cMouseScroll)%7cr(%3f%3ae(%3f%3as(%3f%3au(%3f%3am(%3f%3aing%7ce)%7clt)%7cize%7cet)%7cadystatechange%7cpea(%3f%3atEven)%3ft%7cmovetrack%7ctrieving%7cceived)%7cow(%3f%3as(%3f%3ainserted%7cdelete)%7ce(%3f%3anter%7cxit))%7catechange)%7cp(%3f%3aop(%3f%3aup(%3f%3ahid(%3f%3aden%7cing)%7cshow(%3f%3aing%7cn))%7cstate)%7ca(%3f%3age(%3f%3ahide%7cshow)%7c(%3f%3ast%7cus)e%7cint)%7cro(%3f%3apertychange%7cgress)%7clay(%3f%3aing)%3f)%7ct(%3f%3aouch(%3f%3a(%3f%3alea%7cmo)ve%7cen(%3f%3ater%7cd)%7ccancel%7cstart)%7cime(%3f%3aupdate%7cout)%7cransitionend%7cext)%7cu(%3f%3as(%3f%3aerproximity%7csdreceived)%7cp(%3f%3agradeneeded%7cdateready)%7cn(%3f%3aderflow%7cload))%7cf(%3f%3ao(%3f%3arm(%3f%3achange%7cinput)%7ccus(%3f%3aout%7cin)%3f)%7ci(%3f%3alterchange%7cnish)%7cailed)%7cl(%3f%3ao(%3f%3aad(%3f%3ae(%3f%3ad(%3f%3ameta)%3fdata%7cnd)%7cstart)%3f%7csecapture)%7cevelchange%7cy)%7cg(%3f%3aamepad(%3f%3a(%3f%3adis)%3fconnected%7cbutton(%3f%3adown%7cup)%7caxismove)%7cet)%7ce(%3f%3an(%3f%3ad(%3f%3aEvent%7ced)%3f%7cabled%7cter)%7crror(%3f%3aupdate)%3f%7cmptied%7cxit)%7ci(%3f%3acc(%3f%3acardlockerror%7cinfochange)%7cn(%3f%3acoming%7cvalid%7cput))%7co(%3f%3a(%3f%3a(%3f%3aff%7cn)lin%7cbsolet)e%7cverflow(%3f%3achanged)%3f%7cpen)%7cSVG(%3f%3a(%3f%3aUnl%7cL)oad%7cResize%7cScroll%7cAbort%7cError%7cZoom)%7ch(%3f%3ae(%3f%3aadphoneschange%7cl%5bdp%5d)%7cashchange%7colding)%7cv(%3f%3ao(%3f%3alum%7cic)e%7cersion)change%7cw(%3f%3aa(%3f%3ait%7crn)ing%7cheel)%7ckey(%3f%3apress%7cdown%7cup)%7c(%3f%3aAppComman%7cLoa)d%7cno(%3f%3aupdate%7cmatch)%7cRequest%7czoom))%5b%5cs%5cx08%5d*%3f%3d",
        "description":" NoScript XSS InjectionChecker: HTML Injection",
        "tags":{
          "tag":[
            "xss"
          ]
        },
        "impact":"3",
        "status":"live",
        "location":"url"
      },
      {
        "id":"6",
        "rule":"(%3fi)(%3f%3a%5cW%7c%5e)(%3f%3ajavascript%3a(%3f%3a%5b%5cs%5cS%5d%2b%5b%3d%5c%5c%5c(%5c%5b%5c.%3c%5d%7c%5b%5cs%5cS%5d*%3f(%3f%3a%5cbname%5cb%7c%5c%5c%5bux%5d%5cd))%7cdata%3a(%3f%3a(%3f%3a%5ba-z%5d%5cw%2b%5c%2f%5cw%5b%5cw%2b-%5d%2b%5cw)%3f%5b%3b%2c%5d%7c%5b%5cs%5cS%5d*%3f%3b%5b%5cs%5cS%5d*%3f%5cb(%3f%3abase64%7ccharset%3d)%7c%5b%5cs%5cS%5d*%3f%2c%5b%5cs%5cS%5d*%3f%3c%5b%5cs%5cS%5d*%3f%5cw%5b%5cs%5cS%5d*%3f%3e))%7c%40%5cW*%3fi%5cW*%3fm%5cW*%3fp%5cW*%3fo%5cW*%3fr%5cW*%3ft%5cW*%3f(%3f%3a%5c%2f%5c*%5b%5cs%5cS%5d*%3f)%3f(%3f%3a%5b%5c%22%27%5d%7c%5cW*%3fu%5cW*%3fr%5cW*%3fl%5b%5cs%5cS%5d*%3f%5c()%7c%5cW*%3f-%5cW*%3fm%5cW*%3fo%5cW*%3fz%5cW*%3f-%5cW*%3fb%5cW*%3fi%5cW*%3fn%5cW*%3fd%5cW*%3fi%5cW*%3fn%5cW*%3fg%5b%5cs%5cS%5d*%3f%3a%5b%5cs%5cS%5d*%3f%5cW*%3fu%5cW*%3fr%5cW*%3fl%5b%5cs%5cS%5d*%3f%5c(",
        "description":" NoScript XSS InjectionChecker: Attribute Injection",
        "tags":{
          "tag":[
            "xss"
          ]
        },
        "impact":"3",
        "status":"live",
        "location":"url"
      },
      {
        "id":"7",
        "rule":"(%3fi)%5cb(%3f%3as(%3f%3atyle%7crc)%7chref)%5cb%5b%5cs%5cS%5d*%3f%3d",
        "description":" XSS Filter - Category 5: Disallowed HTML Attributes",
        "tags":{
          "tag":[
            "xss"
          ]
        },
        "impact":"1",
        "status":"live",
        "location":"url"
      },
      {
        "id":"8",
        "rule":"%3c(a%7cabbr%7cacronym%7caddress%7capplet%7carea%7caudioscope%7cb%7cbase%7cbasefront%7cbdo%7cbgsound%7cbig%7cblackface%7cblink%7cblockquote%7cbody%7cbq%7cbr%7cbutton%7ccaption%7ccenter%7ccite%7ccode%7ccol%7ccolgroup%7ccomment%7cdd%7cdel%7cdfn%7cdir%7cdiv%7cdl%7cdt%7cem%7cembed%7cfieldset%7cfn%7cfont%7cform%7cframe%7cframeset%7ch1%7chead%7chr%7chtml%7ci%7ciframe%7cilayer%7cimg%7cinput%7cins%7cisindex%7ckdb%7ckeygen%7clabel%7clayer%7clegend%7cli%7climittext%7clink%7clisting%7cmap%7cmarquee%7cmenu%7cmeta%7cmulticol%7cnobr%7cnoembed%7cnoframes%7cnoscript%7cnosmartquotes%7cobject%7col%7coptgroup%7coption%7cp%7cparam%7cplaintext%7cpre%7cq%7crt%7cruby%7cs%7csamp%7cscript%7cselect%7cserver%7cshadow%7csidebar%7csmall%7cspacer%7cspan%7cstrike%7cstrong%7cstyle%7csub%7csup%7ctable%7ctbody%7ctd%7ctextarea%7ctfoot%7cth%7cthead%7ctitle%7ctr%7ctt%7cu%7cul%7cvar%7cwbr%7cxml%7cxmp)%5cW",
        "description":" Possible XSS Attack Detected - HTML Tag Handler",
        "tags":{
          "tag":[
            "xss"
          ]
        },
        "impact":"3",
        "status":"live",
        "location":"url"
      },
      {
        "id":"9",
        "rule":"(%3f%3a%3cstyle.*%3f%3e.*%3f((%40%5bi%5c%5c%5c%5c%5d)%7c((%5b%3a%3d%5d%7c(%26%23x%3f0*((58)%7c(3A)%7c(61)%7c(3D))%3b%3f)).*%3f(%5b(%5c%5c%5c%5c%5d%7c(%26%23x%3f0*((40)%7c(28)%7c(92)%7c(5C))%3b%3f)))))",
        "description":"IE XSS Filters - Attack Detected.",
        "tags":{
          "tag":[
            "xss"
          ]
        },
        "impact":"3",
        "status":"die",
        "location":"url"
      },
      {
        "id":"10",
        "rule":"(%3f%3a%3c.*%5b%3a%5d%3fvmlframe.*%3f%5b%5cs%2f%2b%5d*%3fsrc%5b%5cs%2f%2b%5d*%3d)",
        "description":"IE XSS Filters - Attack Detected.",
        "tags":{
          "tag":[
            "xss"
          ]
        },
        "impact":"3",
        "status":"live",
        "location":"url"
      },
      {
        "id":"11",
        "rule":"(%3f%3a(j%7c(%26%23x%3f0*((74)%7c(4A)%7c(106)%7c(6A))%3b%3f))(%5b%5ct%5d%7c(%26((%23x%3f0*(9%7c(13)%7c(10)%7cA%7cD)%3b%3f)%7c(tab%3b)%7c(newline%3b))))*(a%7c(%26%23x%3f0*((65)%7c(41)%7c(97)%7c(61))%3b%3f))(%5b%5ct%5d%7c(%26((%23x%3f0*(9%7c(13)%7c(10)%7cA%7cD)%3b%3f)%7c(tab%3b)%7c(newline%3b))))*(v%7c(%26%23x%3f0*((86)%7c(56)%7c(118)%7c(76))%3b%3f))(%5b%5ct%5d%7c(%26((%23x%3f0*(9%7c(13)%7c(10)%7cA%7cD)%3b%3f)%7c(tab%3b)%7c(newline%3b))))*(a%7c(%26%23x%3f0*((65)%7c(41)%7c(97)%7c(61))%3b%3f))(%5b%5ct%5d%7c(%26((%23x%3f0*(9%7c(13)%7c(10)%7cA%7cD)%3b%3f)%7c(tab%3b)%7c(newline%3b))))*(s%7c(%26%23x%3f0*((83)%7c(53)%7c(115)%7c(73))%3b%3f))(%5b%5ct%5d%7c(%26((%23x%3f0*(9%7c(13)%7c(10)%7cA%7cD)%3b%3f)%7c(tab%3b)%7c(newline%3b))))*(c%7c(%26%23x%3f0*((67)%7c(43)%7c(99)%7c(63))%3b%3f))(%5b%5ct%5d%7c(%26((%23x%3f0*(9%7c(13)%7c(10)%7cA%7cD)%3b%3f)%7c(tab%3b)%7c(newline%3b))))*(r%7c(%26%23x%3f0*((82)%7c(52)%7c(114)%7c(72))%3b%3f))(%5b%5ct%5d%7c(%26((%23x%3f0*(9%7c(13)%7c(10)%7cA%7cD)%3b%3f)%7c(tab%3b)%7c(newline%3b))))*(i%7c(%26%23x%3f0*((73)%7c(49)%7c(105)%7c(69))%3b%3f))(%5b%5ct%5d%7c(%26((%23x%3f0*(9%7c(13)%7c(10)%7cA%7cD)%3b%3f)%7c(tab%3b)%7c(newline%3b))))*(p%7c(%26%23x%3f0*((80)%7c(50)%7c(112)%7c(70))%3b%3f))(%5b%5ct%5d%7c(%26((%23x%3f0*(9%7c(13)%7c(10)%7cA%7cD)%3b%3f)%7c(tab%3b)%7c(newline%3b))))*(t%7c(%26%23x%3f0*((84)%7c(54)%7c(116)%7c(74))%3b%3f))(%5b%5ct%5d%7c(%26((%23x%3f0*(9%7c(13)%7c(10)%7cA%7cD)%3b%3f)%7c(tab%3b)%7c(newline%3b))))*(%3a%7c(%26((%23x%3f0*((58)%7c(3A))%3b%3f)%7c(colon%3b)))).)",
        "description":"IE XSS Filters - Attack Detected.",
        "tags":{
          "tag":[
            "xss"
          ]
        },
        "impact":"3",
        "status":"die",
        "location":"url"
      },
      {
        "id":"12",
        "rule":"(%3f%3a(v%7c(%26%23x%3f0*((86)%7c(56)%7c(118)%7c(76))%3b%3f))(%5b%5ct%5d%7c(%26((%23x%3f0*(9%7c(13)%7c(10)%7cA%7cD)%3b%3f)%7c(tab%3b)%7c(newline%3b))))*(b%7c(%26%23x%3f0*((66)%7c(42)%7c(98)%7c(62))%3b%3f))(%5b%5ct%5d%7c(%26((%23x%3f0*(9%7c(13)%7c(10)%7cA%7cD)%3b%3f)%7c(tab%3b)%7c(newline%3b))))*(s%7c(%26%23x%3f0*((83)%7c(53)%7c(115)%7c(73))%3b%3f))(%5b%5ct%5d%7c(%26((%23x%3f0*(9%7c(13)%7c(10)%7cA%7cD)%3b%3f)%7c(tab%3b)%7c(newline%3b))))*(c%7c(%26%23x%3f0*((67)%7c(43)%7c(99)%7c(63))%3b%3f))(%5b%5ct%5d%7c(%26((%23x%3f0*(9%7c(13)%7c(10)%7cA%7cD)%3b%3f)%7c(tab%3b)%7c(newline%3b))))*(r%7c(%26%23x%3f0*((82)%7c(52)%7c(114)%7c(72))%3b%3f))(%5b%5ct%5d%7c(%26((%23x%3f0*(9%7c(13)%7c(10)%7cA%7cD)%3b%3f)%7c(tab%3b)%7c(newline%3b))))*(i%7c(%26%23x%3f0*((73)%7c(49)%7c(105)%7c(69))%3b%3f))(%5b%5ct%5d%7c(%26((%23x%3f0*(9%7c(13)%7c(10)%7cA%7cD)%3b%3f)%7c(tab%3b)%7c(newline%3b))))*(p%7c(%26%23x%3f0*((80)%7c(50)%7c(112)%7c(70))%3b%3f))(%5b%5ct%5d%7c(%26((%23x%3f0*(9%7c(13)%7c(10)%7cA%7cD)%3b%3f)%7c(tab%3b)%7c(newline%3b))))*(t%7c(%26%23x%3f0*((84)%7c(54)%7c(116)%7c(74))%3b%3f))(%5b%5ct%5d%7c(%26((%23x%3f0*(9%7c(13)%7c(10)%7cA%7cD)%3b%3f)%7c(tab%3b)%7c(newline%3b))))*(%3a%7c(%26((%23x%3f0*((58)%7c(3A))%3b%3f)%7c(colon%3b)))).)",
        "description":"IE XSS Filters - Attack Detected.",
        "tags":{
          "tag":[
            "xss"
          ]
        },
        "impact":"3",
        "status":"die",
        "location":"url"
      },
      {
        "id":"13",
        "rule":"(%3f%3a%3cEMBED%5b%5cs%2f%2b%5d.*%3f((src)%7c(type)).*%3f%3d)",
        "description":"IE XSS Filters - Attack Detected.",
        "tags":{
          "tag":[
            "xss"
          ]
        },
        "impact":"3",
        "status":"live",
        "location":"url"
      },
      {
        "id":"14",
        "rule":"%3c%5b%3f%5d%3fimport%5b%5cs%5c%2f%2b%5cS%5d*%3fimplementation%5b%5cs%5c%2f%2b%5d*%3f%3d",
        "description":"IE XSS Filters - Attack Detected.",
        "tags":{
          "tag":[
            "xss"
          ]
        },
        "impact":"3",
        "status":"live",
        "location":"url"
      },
      {
        "id":"15",
        "rule":"(%3f%3a%3cMETA%5b%5cs%2f%2b%5d.*%3fhttp-equiv%5b%5cs%2f%2b%5d*%3d%5b%5cs%2f%2b%5d*%5b%5c%22%5c%27%60%5d%3f(((c%7c(%26%23x%3f0*((67)%7c(43)%7c(99)%7c(63))%3b%3f)))%7c((r%7c(%26%23x%3f0*((82)%7c(52)%7c(114)%7c(72))%3b%3f)))%7c((s%7c(%26%23x%3f0*((83)%7c(53)%7c(115)%7c(73))%3b%3f)))))",
        "description":"IE XSS Filters - Attack Detected.",
        "tags":{
          "tag":[
            "xss"
          ]
        },
        "impact":"3",
        "status":"live",
        "location":"url"
      },
      {
        "id":"16",
        "rule":"(%3f%3a%3cMETA%5b%5cs%2f%2b%5d.*%3fcharset%5b%5cs%2f%2b%5d*%3d)",
        "description":"IE XSS Filters - Attack Detected.",
        "tags":{
          "tag":[
            "xss"
          ]
        },
        "impact":"3",
        "status":"live",
        "location":"url"
      },
      {
        "id":"17",
        "rule":"(%3f%3a%3cLINK%5b%5cs%2f%2b%5d.*%3fhref%5b%5cs%2f%2b%5d*%3d)",
        "description":"IE XSS Filters - Attack Detected.",
        "tags":{
          "tag":[
            "xss"
          ]
        },
        "impact":"3",
        "status":"live",
        "location":"url"
      },
      {
        "id":"18",
        "rule":"(%3f%3a%3cBASE%5b%5cs%2f%2b%5d.*%3fhref%5b%5cs%2f%2b%5d*%3d)",        "description":"IE XSS Filters - Attack Detected.",
        "tags":{
          "tag":[
            "xss"
          ]
        },
        "impact":"3",
        "status":"live",
        "location":"url"
      },
      {
        "id":"19",
        "rule":"(%3f%3a%3cOBJECT%5b%5cs%5c%2f+%5d.*%3f((type)%7c(codetype)%7c(classid)%7c(code)%7c(data))%5b%5cs%5c%2f+%5d*%3d)",
        "description":"IE XSS Filters - Attack Detected.",
        "tags":{
          "tag":[
            "xss"
          ]
        },
        "impact":"3",
        "status":"live",
        "location":"url"
      },
      {
        "id":"20",
        "rule":"(%3fi)%5cb(%3f%3as(%3f%3atyle%7crc)%7chref)%5cb%5b%5cs%5cS%5d*%3f%3d",
        "description":"XSS Filter - Category 5: Disallowed HTML Attributes",
        "tags":{
          "tag":[
            "xss"
          ]
        },
        "impact":"3",
        "status":"live",
        "location":"url"
      }
    ]
  }
}